{
  "id": "1626593",
  "name": "网易云",
  "font_family": "iconfont",
  "css_prefix_text": "icon-",
  "description": "",
  "glyphs": [
    {
      "icon_id": "4765721",
      "name": "check-circle",
      "font_class": "check-circle",
      "unicode": "e77d",
      "unicode_decimal": 59261
    },
    {
      "icon_id": "4765725",
      "name": "close-circle",
      "font_class": "close-circle",
      "unicode": "e77e",
      "unicode_decimal": 59262
    },
    {
      "icon_id": "4765728",
      "name": "left-circle",
      "font_class": "left-circle",
      "unicode": "e77f",
      "unicode_decimal": 59263
    },
    {
      "icon_id": "4765729",
      "name": "down-circle",
      "font_class": "down-circle",
      "unicode": "e780",
      "unicode_decimal": 59264
    },
    {
      "icon_id": "4765734",
      "name": "plus-circle",
      "font_class": "plus-circle",
      "unicode": "e781",
      "unicode_decimal": 59265
    },
    {
      "icon_id": "4765738",
      "name": "right-circle",
      "font_class": "right-circle",
      "unicode": "e783",
      "unicode_decimal": 59267
    },
    {
      "icon_id": "4765741",
      "name": "time-circle",
      "font_class": "time-circle",
      "unicode": "e784",
      "unicode_decimal": 59268
    },
    {
      "icon_id": "4765742",
      "name": "time out",
      "font_class": "timeout",
      "unicode": "e785",
      "unicode_decimal": 59269
    },
    {
      "icon_id": "4765745",
      "name": "up-circle",
      "font_class": "up-circle",
      "unicode": "e786",
      "unicode_decimal": 59270
    },
    {
      "icon_id": "4765746",
      "name": "warning-circle",
      "font_class": "warning-circle",
      "unicode": "e787",
      "unicode_decimal": 59271
    },
    {
      "icon_id": "4765838",
      "name": "redo",
      "font_class": "redo",
      "unicode": "e788",
      "unicode_decimal": 59272
    },
    {
      "icon_id": "4765887",
      "name": "poweroff",
      "font_class": "poweroff",
      "unicode": "e78c",
      "unicode_decimal": 59276
    },
    {
      "icon_id": "4765888",
      "name": "logout",
      "font_class": "logout",
      "unicode": "e78d",
      "unicode_decimal": 59277
    },
    {
      "icon_id": "4765896",
      "name": "eye",
      "font_class": "eye",
      "unicode": "e78f",
      "unicode_decimal": 59279
    },
    {
      "icon_id": "4766293",
      "name": "user",
      "font_class": "user",
      "unicode": "e7ae",
      "unicode_decimal": 59310
    },
    {
      "icon_id": "4766294",
      "name": "team",
      "font_class": "team",
      "unicode": "e7af",
      "unicode_decimal": 59311
    },
    {
      "icon_id": "4766680",
      "name": "bell",
      "font_class": "bell",
      "unicode": "e7c4",
      "unicode_decimal": 59332
    },
    {
      "icon_id": "4766684",
      "name": "skin",
      "font_class": "skin",
      "unicode": "e7c5",
      "unicode_decimal": 59333
    },
    {
      "icon_id": "4766685",
      "name": "home",
      "font_class": "home",
      "unicode": "e7c6",
      "unicode_decimal": 59334
    },
    {
      "icon_id": "4766692",
      "name": "like",
      "font_class": "like",
      "unicode": "e7c8",
      "unicode_decimal": 59336
    },
    {
      "icon_id": "4766693",
      "name": "unlike",
      "font_class": "unlike",
      "unicode": "e7c9",
      "unicode_decimal": 59337
    },
    {
      "icon_id": "4766694",
      "name": "unlock",
      "font_class": "unlock",
      "unicode": "e7ca",
      "unicode_decimal": 59338
    },
    {
      "icon_id": "4766695",
      "name": "lock",
      "font_class": "lock",
      "unicode": "e7cb",
      "unicode_decimal": 59339
    },
    {
      "icon_id": "4766762",
      "name": "customerservice",
      "font_class": "customerservice",
      "unicode": "e7cc",
      "unicode_decimal": 59340
    },
    {
      "icon_id": "4766861",
      "name": "scan",
      "font_class": "scan",
      "unicode": "e7d4",
      "unicode_decimal": 59348
    },
    {
      "icon_id": "4766903",
      "name": "cloud-download",
      "font_class": "cloud-download",
      "unicode": "e7d9",
      "unicode_decimal": 59353
    },
    {
      "icon_id": "4766918",
      "name": "mail",
      "font_class": "mail",
      "unicode": "e7de",
      "unicode_decimal": 59358
    },
    {
      "icon_id": "4766951",
      "name": "heart",
      "font_class": "heart",
      "unicode": "e7df",
      "unicode_decimal": 59359
    },
    {
      "icon_id": "4766957",
      "name": "wifi",
      "font_class": "wifi",
      "unicode": "e7e0",
      "unicode_decimal": 59360
    },
    {
      "icon_id": "4766958",
      "name": "attachment",
      "font_class": "attachment",
      "unicode": "e7e1",
      "unicode_decimal": 59361
    },
    {
      "icon_id": "4766985",
      "name": "share",
      "font_class": "share",
      "unicode": "e7e7",
      "unicode_decimal": 59367
    },
    {
      "icon_id": "4767006",
      "name": "shrink",
      "font_class": "shrink",
      "unicode": "e7e9",
      "unicode_decimal": 59369
    },
    {
      "icon_id": "4767007",
      "name": "arrawsalt",
      "font_class": "arrawsalt",
      "unicode": "e7ea",
      "unicode_decimal": 59370
    },
    {
      "icon_id": "4767015",
      "name": "fullscreen",
      "font_class": "fullscreen",
      "unicode": "e7ec",
      "unicode_decimal": 59372
    },
    {
      "icon_id": "4767027",
      "name": "vertical-align-botto",
      "font_class": "vertical-align-botto",
      "unicode": "e7ef",
      "unicode_decimal": 59375
    },
    {
      "icon_id": "4767044",
      "name": "swap",
      "font_class": "swap",
      "unicode": "e7f2",
      "unicode_decimal": 59378
    },
    {
      "icon_id": "4767060",
      "name": "unordered list",
      "font_class": "unorderedlist",
      "unicode": "e7f4",
      "unicode_decimal": 59380
    },
    {
      "icon_id": "4767096",
      "name": "close",
      "font_class": "close",
      "unicode": "e7fc",
      "unicode_decimal": 59388
    },
    {
      "icon_id": "4767099",
      "name": "minus",
      "font_class": "minus",
      "unicode": "e7fd",
      "unicode_decimal": 59389
    },
    {
      "icon_id": "4936459",
      "name": "stop",
      "font_class": "stop",
      "unicode": "e842",
      "unicode_decimal": 59458
    },
    {
      "icon_id": "4936479",
      "name": "left-circle-fill",
      "font_class": "left-circle-fill",
      "unicode": "e844",
      "unicode_decimal": 59460
    },
    {
      "icon_id": "4936480",
      "name": "down-circle-fill",
      "font_class": "down-circle-fill",
      "unicode": "e845",
      "unicode_decimal": 59461
    },
    {
      "icon_id": "4936482",
      "name": "close-circle-fill",
      "font_class": "close-circle-fill",
      "unicode": "e846",
      "unicode_decimal": 59462
    },
    {
      "icon_id": "4936486",
      "name": "plus-circle-fill",
      "font_class": "plus-circle-fill",
      "unicode": "e847",
      "unicode_decimal": 59463
    },
    {
      "icon_id": "4936507",
      "name": "play-circle-fill",
      "font_class": "play-circle-fill",
      "unicode": "e848",
      "unicode_decimal": 59464
    },
    {
      "icon_id": "4936519",
      "name": "heart-fill",
      "font_class": "heart-fill",
      "unicode": "e849",
      "unicode_decimal": 59465
    },
    {
      "icon_id": "4936623",
      "name": "folder-fill",
      "font_class": "folder-fill",
      "unicode": "e85e",
      "unicode_decimal": 59486
    },
    {
      "icon_id": "4936624",
      "name": "folder-open-fill",
      "font_class": "folder-open-fill",
      "unicode": "e85f",
      "unicode_decimal": 59487
    },
    {
      "icon_id": "4936635",
      "name": "read-fill",
      "font_class": "read-fill",
      "unicode": "e861",
      "unicode_decimal": 59489
    },
    {
      "icon_id": "4936646",
      "name": "sound-fill",
      "font_class": "sound-fill",
      "unicode": "e865",
      "unicode_decimal": 59493
    },
    {
      "icon_id": "4936652",
      "name": "fire-fill",
      "font_class": "fire-fill",
      "unicode": "e866",
      "unicode_decimal": 59494
    },
    {
      "icon_id": "4936665",
      "name": "cloud-fill",
      "font_class": "cloud-fill",
      "unicode": "e869",
      "unicode_decimal": 59497
    },
    {
      "icon_id": "4936681",
      "name": "rocket-fill",
      "font_class": "rocket-fill",
      "unicode": "e86d",
      "unicode_decimal": 59501
    },
    {
      "icon_id": "4936964",
      "name": "chrome",
      "font_class": "chrome",
      "unicode": "e87e",
      "unicode_decimal": 59518
    },
    {
      "icon_id": "4936976",
      "name": "Youtube",
      "font_class": "Youtube",
      "unicode": "e880",
      "unicode_decimal": 59520
    },
    {
      "icon_id": "4936991",
      "name": "wechat-fill",
      "font_class": "wechat-fill",
      "unicode": "e883",
      "unicode_decimal": 59523
    },
    {
      "icon_id": "4936997",
      "name": "codepen-circle-fill",
      "font_class": "codepen-circle-fill",
      "unicode": "e884",
      "unicode_decimal": 59524
    },
    {
      "icon_id": "4937000",
      "name": "github-fill",
      "font_class": "github-fill",
      "unicode": "e885",
      "unicode_decimal": 59525
    },
    {
      "icon_id": "4937004",
      "name": "QQ-circle-fill",
      "font_class": "QQ-circle-fill",
      "unicode": "e887",
      "unicode_decimal": 59527
    },
    {
      "icon_id": "5298988",
      "name": "信号",
      "font_class": "xinhao",
      "unicode": "e61a",
      "unicode_decimal": 58906
    },
    {
      "icon_id": "6598320",
      "name": "videocamera add",
      "font_class": "videocameraadd",
      "unicode": "e8ea",
      "unicode_decimal": 59626
    },
    {
      "icon_id": "6598344",
      "name": "fast-backward",
      "font_class": "fast-backward",
      "unicode": "e8ed",
      "unicode_decimal": 59629
    },
    {
      "icon_id": "6598346",
      "name": "fast-forward",
      "font_class": "fast-forward",
      "unicode": "e8ee",
      "unicode_decimal": 59630
    },
    {
      "icon_id": "6598347",
      "name": "search",
      "font_class": "search",
      "unicode": "e8ef",
      "unicode_decimal": 59631
    },
    {
      "icon_id": "6598350",
      "name": "step-backward",
      "font_class": "step-backward",
      "unicode": "e8f0",
      "unicode_decimal": 59632
    },
    {
      "icon_id": "6598351",
      "name": "step-forward",
      "font_class": "step-forward",
      "unicode": "e8f1",
      "unicode_decimal": 59633
    },
    {
      "icon_id": "6598352",
      "name": "swap-right",
      "font_class": "swap-right",
      "unicode": "e8f4",
      "unicode_decimal": 59636
    },
    {
      "icon_id": "12600245",
      "name": "网易云音乐",
      "font_class": "wangyiyunyinle1",
      "unicode": "e600",
      "unicode_decimal": 58880
    }
  ]
}
